episode,winner,p1_score,p2_score,score_diff,length,reward_p1,reward_p2
1,1,-60.0,-127.0,67.0,50,0.8754939648642186,0.8754939648642186
2,-1,70.0,72.0,2.0,61,-0.7059992001279792,-0.7059992001279792
3,1,-10.0,-144.0,134.0,54,0.9615016741568956,0.9615016741568956
4,1,47.0,22.0,25.0,40,0.7734755987211127,0.7734755987211127
5,-1,-79.0,-7.0,72.0,41,-0.8850727908631195,-0.8850727908631195
6,-1,-90.0,-42.0,48.0,52,-0.8338730830746339,-0.8338730830746339
7,1,19.0,7.0,12.0,47,0.7358281895603157,0.7358281895603157
8,1,56.0,-77.0,133.0,35,0.9607747999446564,0.9607747999446564
9,-1,-68.0,99.0,167.0,44,-0.9794655053845625,-0.9794655053845625
10,-1,-116.0,16.0,132.0,49,-0.9600351786549456,-0.9600351786549456
11,-1,11.0,46.0,35.0,38,-0.8009126633008996,-0.8009126633008996
12,-1,-176.0,43.0,219.0,49,-0.9925777511559025,-0.9925777511559025
13,1,-34.0,-43.0,9.0,57,0.726927335424148,0.726927335424148
14,-1,-74.0,9.0,83.0,51,-0.9041428018337986,-0.9041428018337986
15,1,55.0,-55.0,110.0,49,0.940149706528189,0.940149706528189
16,-1,-43.0,-7.0,36.0,53,-0.8035642102406563,-0.8035642102406563
17,-1,-23.0,157.0,180.0,48,-0.9840418038538805,-0.9840418038538805
18,1,101.0,33.0,68.0,47,0.8774558186295449,0.8774558186295449
19,1,-16.0,-66.0,50.0,60,0.8386351471780029,0.8386351471780029
20,1,10.0,-114.0,124.0,66,0.9536366787180041,0.9536366787180041
21,1,64.0,6.0,58.0,51,0.8567996289057462,0.8567996289057462
22,1,18.0,-13.0,31.0,43,0.7901311291442962,0.7901311291442962
23,-1,6.0,56.0,50.0,56,-0.8386351471780029,-0.8386351471780029
24,1,35.0,-5.0,40.0,45,0.8139846886765675,0.8139846886765675
25,-1,-62.0,-2.0,60.0,42,-0.8611148700994106,-0.8611148700994106
26,1,74.0,-151.0,225.0,60,0.9934078344216442,0.9934078344216442
27,1,43.0,28.0,15.0,40,0.7446655100869953,0.7446655100869953
28,-1,-73.0,-4.0,69.0,47,-0.8793946001496824,-0.8793946001496824
29,-1,-12.0,70.0,82.0,53,-0.9025209624515823,-0.9025209624515823
30,1,90.0,25.0,65.0,44,0.8715009898255351,0.8715009898255351
31,1,78.0,46.0,32.0,92,0.7928520763637915,0.7928520763637915
32,-1,-23.0,12.0,35.0,41,-0.8009126633008996,-0.8009126633008996
33,-1,4.0,43.0,39.0,50,-0.8114080683629523,-0.8114080683629523
34,1,91.0,-10.0,101.0,37,0.9297286054745317,0.9297286054745317
35,1,125.0,59.0,66.0,65,0.8735090239133517,0.8735090239133517
36,1,7.0,-21.0,28.0,43,0.7818715241689398,0.7818715241689398
37,1,-81.0,-104.0,23.0,64,0.7678085056836013,0.7678085056836013
38,-1,-17.0,-10.0,7.0,41,-0.7209657670949287,-0.7209657670949287
39,1,51.0,-36.0,87.0,58,0.9104122392814937,0.9104122392814937
40,1,37.0,-32.0,69.0,45,0.8793946001496824,0.8793946001496824
41,-1,-56.0,19.0,75.0,57,-0.8905446857161862,-0.8905446857161862
42,-1,8.0,34.0,26.0,51,-0.7762886597879173,-0.7762886597879173
43,1,69.0,21.0,48.0,57,0.8338730830746339,0.8338730830746339
44,-1,-2.0,21.0,23.0,41,-0.7678085056836013,-0.7678085056836013
45,1,80.0,-133.0,213.0,64,0.9916446158160998,0.9916446158160998
46,1,47.0,-11.0,58.0,50,0.8567996289057462,0.8567996289057462
47,-1,-3.0,53.0,56.0,51,-0.8523932298693688,-0.8523932298693688
48,-1,-150.0,-46.0,104.0,57,-0.9333664199731555,-0.9333664199731555
49,-1,-26.0,59.0,85.0,49,-0.9073208409498792,-0.9073208409498792
50,-1,-53.0,59.0,112.0,38,-0.9422706749735843,-0.9422706749735843
51,-1,-48.0,94.0,142.0,59,-0.9668796773302394,-0.9668796773302394
52,-1,22.0,73.0,51.0,55,-0.8409835596799112,-0.8409835596799112
53,-1,-25.0,36.0,61.0,57,-0.8632381296560703,-0.8632381296560703
54,-1,-21.0,17.0,38.0,41,-0.8088122402734153,-0.8088122402734153
55,-1,-57.0,-12.0,45.0,105,-0.8265697015750023,-0.8265697015750023
56,1,-20.0,-86.0,66.0,58,0.8735090239133517,0.8735090239133517
57,1,-9.0,-114.0,105.0,54,0.9345419072826322,0.9345419072826322
58,-1,-24.0,40.0,64.0,55,-0.8694698658538674,-0.8694698658538674
59,-1,29.0,64.0,35.0,67,-0.8009126633008996,-0.8009126633008996
60,1,83.0,61.0,22.0,49,0.7649554184479086,0.7649554184479086
61,1,29.0,-113.0,142.0,41,0.9668796773302394,0.9668796773302394
62,1,30.0,1.0,29.0,960,0.7846404438008903,0.7846404438008903
63,-1,-10.0,0.0,10.0,53,-0.7299003983874867,-0.7299003983874867
64,1,108.0,-52.0,160.0,61,0.9765005663219414,0.9765005663219414
65,1,-32.0,-69.0,37.0,48,0.8061975137431138,0.8061975137431138
66,1,3.0,-63.0,66.0,80,0.8735090239133517,0.8735090239133517
67,1,-8.0,-14.0,6.0,38,0.717978431058743,0.717978431058743
68,-1,5.0,57.0,52.0,48,-0.8433100036505494,-0.8433100036505494
69,-1,-4.0,89.0,93.0,104,-0.9191781688287831,-0.9191781688287831
70,-1,-37.0,-5.0,32.0,45,-0.7928520763637915,-0.7928520763637915
71,-1,-11.0,51.0,62.0,67,-0.8653384085614441,-0.8653384085614441
72,1,17.0,-110.0,127.0,51,0.9561392959465731,0.9561392959465731
73,-1,22.0,196.0,174.0,62,-0.9820679921178183,-0.9820679921178183
74,1,15.0,3.0,12.0,57,0.7358281895603157,0.7358281895603157
75,1,13.0,2.0,11.0,37,0.7328675410643288,0.7328675410643288
76,-1,-48.0,46.0,94.0,74,-0.9205666758747607,-0.9205666758747607
77,1,102.0,-52.0,154.0,68,0.9736361107623153,0.9736361107623153
78,1,132.0,25.0,107.0,49,0.9368383662864941,0.9368383662864941
79,1,-9.0,-65.0,56.0,50,0.8523932298693688,0.8523932298693688
80,-1,-143.0,-96.0,47.0,46,-0.8314597944498303,-0.8314597944498303
81,-1,-15.0,98.0,113.0,49,-0.9433057786299044,-0.9433057786299044
82,1,12.0,-46.0,58.0,60,0.8567996289057462,0.8567996289057462
83,-1,62.0,69.0,7.0,71,-0.7209657670949287,-0.7209657670949287
84,-1,-89.0,38.0,127.0,87,-0.9561392959465731,-0.9561392959465731
85,-1,-17.0,7.0,24.0,54,-0.7706487248615493,-0.7706487248615493
86,1,15.0,14.0,1.0,53,0.7029999000039998,0.7029999000039998
87,1,-17.0,-37.0,20.0,40,0.7592125960674712,0.7592125960674712
88,1,76.0,-132.0,208.0,50,0.9907793766608346,0.9907793766608346
89,1,25.0,-108.0,133.0,58,0.9607747999446564,0.9607747999446564
90,1,27.0,12.0,15.0,56,0.7446655100869953,0.7446655100869953
91,1,42.0,-72.0,114.0,50,0.9443242281297057,0.9443242281297057
92,-1,-60.0,145.0,205.0,51,-0.9902185003771354,-0.9902185003771354
93,-1,78.0,144.0,66.0,51,-0.8735090239133517,-0.8735090239133517
94,-1,18.0,54.0,36.0,59,-0.8035642102406563,-0.8035642102406563
95,-1,17.0,80.0,63.0,67,-0.8674156646678872,-0.8674156646678872
96,1,98.0,-17.0,115.0,47,0.9453262233910863,0.9453262233910863
97,-1,-121.0,-9.0,112.0,41,-0.9422706749735843,-0.9422706749735843
98,-1,-13.0,-4.0,9.0,67,-0.726927335424148,-0.726927335424148
99,-1,-68.0,16.0,84.0,50,-0.9057427186687284,-0.9057427186687284
100,1,36.0,5.0,31.0,55,0.7901311291442962,0.7901311291442962
101,-1,10.0,89.0,79.0,54,-0.8975227107865753,-0.8975227107865753
102,1,30.0,28.0,2.0,57,0.7059992001279792,0.7059992001279792
103,1,-1.0,-92.0,91.0,54,0.9163396762230099,0.9163396762230099
104,1,-52.0,-70.0,18.0,91,0.7534242604351991,0.7534242604351991
105,-1,-10.0,-3.0,7.0,48,-0.7209657670949287,-0.7209657670949287
106,1,41.0,6.0,35.0,92,0.8009126633008996,0.8009126633008996
107,1,91.0,49.0,42.0,51,0.8190791296015232,0.8190791296015232
108,-1,-10.0,175.0,185.0,67,-0.9855237871493985,-0.9855237871493985
109,-1,-86.0,41.0,127.0,47,-0.9561392959465731,-0.9561392959465731
110,1,57.0,27.0,30.0,52,0.7873937837354772,0.7873937837354772
111,-1,-26.0,39.0,65.0,43,-0.8715009898255351,-0.8715009898255351
112,-1,-47.0,-23.0,24.0,48,-0.7706487248615493,-0.7706487248615493
113,1,144.0,-138.0,282.0,50,0.9978758258674321,0.9978758258674321
114,-1,-38.0,24.0,62.0,54,-0.8653384085614441,-0.8653384085614441
115,-1,-81.0,6.0,87.0,44,-0.9104122392814937,-0.9104122392814937
116,1,48.0,-144.0,192.0,64,0.987375191787719,0.987375191787719
117,0,-1.0,-1.0,0.0,45,0.0,0.0
118,1,17.0,-9.0,26.0,46,0.7762886597879173,0.7762886597879173
119,-1,-85.0,26.0,111.0,63,-0.9412187174214677,-0.9412187174214677
120,1,199.0,-94.0,293.0,51,0.9982941176765903,0.9982941176765903
121,-1,-56.0,-50.0,6.0,1118,-0.717978431058743,-0.717978431058743
122,1,-10.0,-12.0,2.0,41,0.7059992001279792,0.7059992001279792
123,-1,-103.0,221.0,324.0,59,-0.9990811229757981,-0.9990811229757981
124,1,39.0,-8.0,47.0,49,0.8314597944498303,0.8314597944498303
125,-1,4.0,178.0,174.0,44,-0.9820679921178183,-0.9820679921178183
126,-1,-130.0,2.0,132.0,39,-0.9600351786549456,-0.9600351786549456
127,-1,-43.0,-10.0,33.0,1632,-0.7955562330708312,-0.7955562330708312
128,1,24.0,-54.0,78.0,52,0.895812011788597,0.895812011788597
129,1,-5.0,-6.0,1.0,61,0.7029999000039998,0.7029999000039998
130,1,47.0,3.0,44.0,48,0.8240933326561405,0.8240933326561405
131,-1,-88.0,-14.0,74.0,45,-0.8887435484242105,-0.8887435484242105
132,1,112.0,-43.0,155.0,119,0.9741356470353484,0.9741356470353484
133,-1,-9.0,42.0,51.0,55,-0.8409835596799112,-0.8409835596799112
134,-1,-26.0,-3.0,23.0,57,-0.7678085056836013,-0.7678085056836013
135,-1,-113.0,-24.0,89.0,56,-0.9134181195456887,-0.9134181195456887
136,-1,-19.0,54.0,73.0,49,-0.8869196048717083,-0.8869196048717083
137,1,121.0,-27.0,148.0,49,0.970440396349584,0.970440396349584
138,1,-23.0,-33.0,10.0,57,0.7299003983874867,0.7299003983874867
139,-1,-75.0,-65.0,10.0,49,-0.7299003983874867,-0.7299003983874867
140,-1,-14.0,125.0,139.0,72,-0.9649512666745622,-0.9649512666745622
141,-1,53.0,210.0,157.0,69,-0.9751077284189824,-0.9751077284189824
142,-1,-118.0,20.0,138.0,42,-0.9642853804140992,-0.9642853804140992
143,1,70.0,-24.0,94.0,45,0.9205666758747607,0.9205666758747607
144,-1,-52.0,102.0,154.0,68,-0.9736361107623153,-0.9736361107623153
145,-1,-138.0,88.0,226.0,51,-0.9935369619729151,-0.9935369619729151
146,-1,-90.0,30.0,120.0,43,-0.9500963821036466,-0.9500963821036466
147,1,18.0,-78.0,96.0,63,0.9232830602085511,0.9232830602085511
148,-1,-23.0,-13.0,10.0,61,-0.7299003983874867,-0.7299003983874867
149,-1,-131.0,53.0,184.0,51,-0.9852385429583563,-0.9852385429583563
150,-1,-151.0,2.0,153.0,39,-0.973127378170128,-0.973127378170128
151,-1,12.0,103.0,91.0,47,-0.9163396762230099,-0.9163396762230099
152,1,-154.0,-187.0,33.0,47,0.7955562330708312,0.7955562330708312
153,-1,-92.0,37.0,129.0,89,-0.9577379614643098,-0.9577379614643098
154,-1,-1.0,33.0,34.0,46,-0.7982432184426116,-0.7982432184426116
155,1,205.0,78.0,127.0,49,0.9561392959465731,0.9561392959465731
156,1,82.0,-41.0,123.0,71,0.9527737976976789,0.9527737976976789
157,-1,-15.0,54.0,69.0,91,-0.8793946001496824,-0.8793946001496824
158,-1,-56.0,73.0,129.0,2291,-0.9577379614643098,-0.9577379614643098
159,-1,-56.0,29.0,85.0,47,-0.9073208409498792,-0.9073208409498792
160,1,45.0,11.0,34.0,50,0.7982432184426116,0.7982432184426116
161,-1,-54.0,234.0,288.0,60,-0.9981152720291023,-0.9981152720291023
162,1,205.0,23.0,182.0,44,0.9846515270127953,0.9846515270127953
163,-1,13.0,136.0,123.0,54,-0.9527737976976789,-0.9527737976976789
164,-1,-101.0,-35.0,66.0,62,-0.8735090239133517,-0.8735090239133517
165,-1,16.0,66.0,50.0,59,-0.8386351471780029,-0.8386351471780029
166,-1,-30.0,56.0,86.0,47,-0.9088773018060043,-0.9088773018060043
167,1,11.0,-8.0,19.0,53,0.7563238617604856,0.7563238617604856
168,1,105.0,37.0,68.0,113,0.8774558186295449,0.8774558186295449
169,-1,86.0,97.0,11.0,41,-0.7328675410643288,-0.7328675410643288
170,-1,-10.0,41.0,51.0,66,-0.8409835596799112,-0.8409835596799112
171,-1,63.0,72.0,9.0,100,-0.726927335424148,-0.726927335424148
172,-1,-65.0,-44.0,21.0,50,-0.7620899499188357,-0.7620899499188357
173,-1,-32.0,77.0,109.0,53,-0.939063443261418,-0.939063443261418
174,-1,-18.0,13.0,31.0,83,-0.7901311291442962,-0.7901311291442962
175,1,0.0,-158.0,158.0,58,0.9755805678571201,0.9755805678571201
176,1,98.0,-40.0,138.0,53,0.9642853804140992,0.9642853804140992
177,1,86.0,62.0,24.0,488,0.7706487248615493,0.7706487248615493
178,-1,15.0,76.0,61.0,42,-0.8632381296560703,-0.8632381296560703
179,-1,-16.0,69.0,85.0,64,-0.9073208409498792,-0.9073208409498792
180,-1,-38.0,97.0,135.0,44,-0.9622159863658021,-0.9622159863658021
181,-1,23.0,135.0,112.0,115,-0.9422706749735843,-0.9422706749735843
182,-1,-104.0,-22.0,82.0,54,-0.9025209624515823,-0.9025209624515823
183,1,42.0,7.0,35.0,49,0.8009126633008996,0.8009126633008996
184,1,-26.0,-98.0,72.0,40,0.8850727908631195,0.8850727908631195
185,-1,-31.0,100.0,131.0,89,-0.9592826238538033,-0.9592826238538033
186,-1,-63.0,49.0,112.0,67,-0.9422706749735843,-0.9422706749735843
187,-1,-127.0,54.0,181.0,39,-0.9843495549121702,-0.9843495549121702
188,-1,-15.0,297.0,312.0,64,-0.9988323634089487,-0.9988323634089487
189,1,76.0,60.0,16.0,59,0.7475945512892497,0.7475945512892497
190,-1,42.0,66.0,24.0,57,-0.7706487248615493,-0.7706487248615493
191,-1,-97.0,18.0,115.0,74,-0.9453262233910863,-0.9453262233910863
192,1,-44.0,-64.0,20.0,62,0.7592125960674712,0.7592125960674712
193,-1,5.0,120.0,115.0,60,-0.9453262233910863,-0.9453262233910863
194,1,18.0,0.0,18.0,45,0.7534242604351991,0.7534242604351991
195,1,188.0,-8.0,196.0,74,0.9883269492590843,0.9883269492590843
196,-1,33.0,96.0,63.0,52,-0.8674156646678872,-0.8674156646678872
197,-1,-28.0,23.0,51.0,48,-0.8409835596799112,-0.8409835596799112
198,-1,-58.0,55.0,113.0,52,-0.9433057786299044,-0.9433057786299044
199,-1,-52.0,4.0,56.0,44,-0.8523932298693688,-0.8523932298693688
200,-1,-64.0,-25.0,39.0,37,-0.8114080683629523,-0.8114080683629523
201,-1,-65.0,13.0,78.0,57,-0.895812011788597,-0.895812011788597
202,1,15.0,-19.0,34.0,55,0.7982432184426116,0.7982432184426116
203,-1,-44.0,-33.0,11.0,54,-0.7328675410643288,-0.7328675410643288
204,-1,-147.0,5.0,152.0,49,-0.9726092975293338,-0.9726092975293338
205,-1,-120.0,9.0,129.0,71,-0.9577379614643098,-0.9577379614643098
206,-1,-56.0,28.0,84.0,51,-0.9057427186687284,-0.9057427186687284
207,1,186.0,36.0,150.0,63,0.97154447609346,0.97154447609346
208,-1,-61.0,-38.0,23.0,110,-0.7678085056836013,-0.7678085056836013
209,-1,-58.0,-21.0,37.0,59,-0.8061975137431138,-0.8061975137431138
210,1,69.0,-23.0,92.0,53,0.9177692244547242,0.9177692244547242
211,-1,-52.0,-3.0,49.0,52,-0.8362649298046777,-0.8362649298046777
212,1,75.0,66.0,9.0,4496,0.726927335424148,0.726927335424148
213,-1,-61.0,-38.0,23.0,67,-0.7678085056836013,-0.7678085056836013
214,-1,-22.0,102.0,124.0,83,-0.9536366787180041,-0.9536366787180041
215,1,-16.0,-55.0,39.0,60,0.8114080683629523,0.8114080683629523
216,1,94.0,-66.0,160.0,54,0.9765005663219414,0.9765005663219414
217,-1,0.0,14.0,14.0,56,-0.7417277343635373,-0.7417277343635373
218,-1,-21.0,9.0,30.0,47,-0.7873937837354772,-0.7873937837354772
219,1,88.0,41.0,47.0,75,0.8314597944498303,0.8314597944498303
220,1,121.0,-79.0,200.0,76,0.989208274022745,0.989208274022745
221,-1,4.0,25.0,21.0,53,-0.7620899499188357,-0.7620899499188357
222,-1,-1.0,33.0,34.0,47,-0.7982432184426116,-0.7982432184426116
223,1,84.0,-207.0,291.0,70,0.9982247052868557,0.9982247052868557
224,-1,14.0,23.0,9.0,58,-0.726927335424148,-0.726927335424148
225,1,159.0,-35.0,194.0,79,0.9878602017425288,0.9878602017425288
226,-1,-65.0,-13.0,52.0,65,-0.8433100036505494,-0.8433100036505494
227,1,-44.0,-116.0,72.0,49,0.8850727908631195,0.8850727908631195
228,-1,-142.0,-15.0,127.0,41,-0.9561392959465731,-0.9561392959465731
229,-1,14.0,138.0,124.0,65,-0.9536366787180041,-0.9536366787180041
230,1,-7.0,-73.0,66.0,48,0.8735090239133517,0.8735090239133517
231,1,8.0,-2.0,10.0,45,0.7299003983874867,0.7299003983874867
232,1,-16.0,-24.0,8.0,45,0.7239489307333393,0.7239489307333393
233,-1,-10.0,1.0,11.0,39,-0.7328675410643288,-0.7328675410643288
234,1,48.0,-101.0,149.0,49,0.9709974227680569,0.9709974227680569
235,1,83.0,-6.0,89.0,57,0.9134181195456887,0.9134181195456887
236,-1,-120.0,20.0,140.0,49,-0.9656054944606787,-0.9656054944606787
237,-1,-51.0,51.0,102.0,49,-0.9309599607726701,-0.9309599607726701
238,-1,35.0,146.0,111.0,32103,-0.9412187174214677,-0.9412187174214677
239,-1,-40.0,-6.0,34.0,51,-0.7982432184426116,-0.7982432184426116
240,1,-20.0,-63.0,43.0,54,0.8215963926068388,0.8215963926068388
241,1,39.0,-12.0,51.0,44,0.8409835596799112,0.8409835596799112
242,-1,-119.0,-15.0,104.0,53,-0.9333664199731555,-0.9333664199731555
243,-1,-164.0,93.0,257.0,48,-0.9965058537962731,-0.9965058537962731
244,0,6.0,6.0,0.0,50,0.0,0.0
245,-1,-27.0,67.0,94.0,56,-0.9205666758747607,-0.9205666758747607
246,-1,-134.0,-44.0,90.0,59,-0.9148893610597073,-0.9148893610597073
247,1,119.0,31.0,88.0,202,0.9119257961191706,0.9119257961191706
248,-1,-17.0,100.0,117.0,56,-0.9472816511024192,-0.9472816511024192
249,-1,-12.0,11.0,23.0,43,-0.7678085056836013,-0.7678085056836013
250,1,-29.0,-115.0,86.0,68,0.9088773018060043,0.9088773018060043
251,-1,-75.0,28.0,103.0,39,-0.9321725019567526,-0.9321725019567526
252,1,7.0,-34.0,41.0,58,0.8165418040648182,0.8165418040648182
253,1,95.0,-45.0,140.0,71,0.9656054944606787,0.9656054944606787
254,1,29.0,4.0,25.0,53,0.7734755987211127,0.7734755987211127
255,-1,-140.0,105.0,245.0,80,-0.9955650751934308,-0.9955650751934308
256,1,76.0,34.0,42.0,70,0.8190791296015232,0.8190791296015232
257,1,97.0,37.0,60.0,51,0.8611148700994106,0.8611148700994106
258,-1,-97.0,54.0,151.0,54,-0.9720817152911612,-0.9720817152911612
259,-1,-50.0,-47.0,3.0,50,-0.708997300971646,-0.708997300971646
260,-1,-5.0,40.0,45.0,85,-0.8265697015750023,-0.8265697015750023
261,-1,-67.0,-24.0,43.0,52,-0.8215963926068388,-0.8215963926068388
262,1,-6.0,-80.0,74.0,58,0.8887435484242105,0.8887435484242105
263,-1,-65.0,20.0,85.0,61,-0.9073208409498792,-0.9073208409498792
264,1,7.0,-74.0,81.0,68,0.9008770778856312,0.9008770778856312
265,-1,-11.0,3.0,14.0,42,-0.7417277343635373,-0.7417277343635373
266,-1,-153.0,2.0,155.0,53,-0.9741356470353484,-0.9741356470353484
267,1,1.0,-12.0,13.0,58,0.7387817750818174,0.7387817750818174
268,-1,-10.0,20.0,30.0,40,-0.7873937837354772,-0.7873937837354772
269,1,78.0,-30.0,108.0,59,0.9379597291250503,0.9379597291250503
270,1,242.0,-56.0,298.0,49,0.9984560361077137,0.9984560361077137
271,1,108.0,44.0,64.0,50,0.8694698658538674,0.8694698658538674
272,-1,75.0,105.0,30.0,58,-0.7873937837354772,-0.7873937837354772
273,-1,42.0,45.0,3.0,48,-0.708997300971646,-0.708997300971646
274,-1,-67.0,91.0,158.0,55,-0.9755805678571201,-0.9755805678571201
275,1,158.0,27.0,131.0,51,0.9592826238538033,0.9592826238538033
276,1,-17.0,-62.0,45.0,63,0.8265697015750023,0.8265697015750023
277,-1,-38.0,32.0,70.0,46,-0.8813103331351491,-0.8813103331351491
278,-1,59.0,90.0,31.0,67,-0.7901311291442962,-0.7901311291442962
279,-1,-28.0,27.0,55.0,46,-0.8501560633570706,-0.8501560633570706
280,1,183.0,55.0,128.0,55,0.9569454746417492,0.9569454746417492
281,1,1.0,-19.0,20.0,60,0.7592125960674712,0.7592125960674712
282,1,154.0,8.0,146.0,55,0.969295779449745,0.969295779449745
283,-1,-11.0,-2.0,9.0,63,-0.726927335424148,-0.726927335424148
284,1,174.0,26.0,148.0,57,0.970440396349584,0.970440396349584
285,1,28.0,21.0,7.0,60,0.7209657670949287,0.7209657670949287
286,-1,-13.0,14.0,27.0,45,-0.779087450641661,-0.779087450641661
287,1,6.0,-2.0,8.0,48,0.7239489307333393,0.7239489307333393
288,-1,-15.0,94.0,109.0,46,-0.939063443261418,-0.939063443261418
289,-1,35.0,55.0,20.0,50,-0.7592125960674712,-0.7592125960674712
290,1,5.0,-11.0,16.0,46,0.7475945512892497,0.7475945512892497
291,1,129.0,32.0,97.0,42,0.9246112860907926,0.9246112860907926
292,-1,-71.0,-66.0,5.0,71,-0.7149875124873639,-0.7149875124873639
293,1,144.0,66.0,78.0,744,0.895812011788597,0.895812011788597
294,1,1.0,-28.0,29.0,36,0.7846404438008903,0.7846404438008903
295,1,93.0,-100.0,193.0,57,0.9876200216638562,0.9876200216638562
296,1,51.0,8.0,43.0,45,0.8215963926068388,0.8215963926068388
297,-1,11.0,51.0,40.0,46,-0.8139846886765675,-0.8139846886765675
298,-1,-31.0,25.0,56.0,43,-0.8523932298693688,-0.8523932298693688
299,1,109.0,-46.0,155.0,64,0.9741356470353484,0.9741356470353484
300,1,6.0,-51.0,57.0,50,0.8546077834022229,0.8546077834022229
301,-1,-7.0,54.0,61.0,75,-0.8632381296560703,-0.8632381296560703
302,1,136.0,59.0,77.0,87,0.89407883513253,0.89407883513253
303,-1,1.0,57.0,56.0,53,-0.8523932298693688,-0.8523932298693688
304,1,32.0,-108.0,140.0,56,0.9656054944606787,0.9656054944606787
305,-1,-95.0,58.0,153.0,56,-0.973127378170128,-0.973127378170128
306,1,30.0,26.0,4.0,49,0.711993604093349,0.711993604093349
307,1,59.0,19.0,40.0,74,0.8139846886765675,0.8139846886765675
308,1,132.0,-21.0,153.0,39,0.973127378170128,0.973127378170128
309,-1,-85.0,45.0,130.0,57,-0.9585169477939919,-0.9585169477939919
310,1,-45.0,-66.0,21.0,70,0.7620899499188357,0.7620899499188357
311,1,33.0,-59.0,92.0,45,0.9177692244547242,0.9177692244547242
312,-1,0.0,39.0,39.0,40,-0.8114080683629523,-0.8114080683629523
313,1,15.0,-122.0,137.0,96,0.9636076580106088,0.9636076580106088
314,-1,-22.0,5.0,27.0,53,-0.779087450641661,-0.779087450641661
315,1,78.0,-20.0,98.0,48,0.9259197714608656,0.9259197714608656
316,1,12.0,-93.0,105.0,108,0.9345419072826322,0.9345419072826322
317,-1,-10.0,3.0,13.0,39,-0.7387817750818174,-0.7387817750818174
318,-1,-22.0,-4.0,18.0,55,-0.7534242604351991,-0.7534242604351991
319,1,29.0,25.0,4.0,48,0.711993604093349,0.711993604093349
320,-1,-175.0,-16.0,159.0,47,-0.9760447996283117,-0.9760447996283117
321,-1,-62.0,31.0,93.0,61,-0.9191781688287831,-0.9191781688287831
322,-1,-92.0,42.0,134.0,91,-0.9615016741568956,-0.9615016741568956
323,-1,6.0,22.0,16.0,81,-0.7475945512892497,-0.7475945512892497
324,1,46.0,20.0,26.0,54,0.7762886597879173,0.7762886597879173
325,1,-58.0,-80.0,22.0,1017,0.7649554184479086,0.7649554184479086
326,-1,-35.0,142.0,177.0,80,-0.9830828272179144,-0.9830828272179144
327,-1,49.0,61.0,12.0,81,-0.7358281895603157,-0.7358281895603157
328,1,-36.0,-59.0,23.0,84,0.7678085056836013,0.7678085056836013
329,1,-25.0,-91.0,66.0,56,0.8735090239133517,0.8735090239133517
330,1,16.0,-16.0,32.0,58,0.7928520763637915,0.7928520763637915
331,1,-8.0,-14.0,6.0,107,0.717978431058743,0.717978431058743
332,1,107.0,-45.0,152.0,49,0.9726092975293338,0.9726092975293338
333,1,30.0,9.0,21.0,31,0.7620899499188357,0.7620899499188357
334,1,130.0,72.0,58.0,65,0.8567996289057462,0.8567996289057462
335,1,56.0,10.0,46.0,45,0.8290252634205938,0.8290252634205938
336,-1,35.0,71.0,36.0,60,-0.8035642102406563,-0.8035642102406563
337,1,-6.0,-69.0,63.0,40,0.8674156646678872,0.8674156646678872
338,-1,45.0,63.0,18.0,77,-0.7534242604351991,-0.7534242604351991
339,1,9.0,-12.0,21.0,74,0.7620899499188357,0.7620899499188357
340,1,68.0,54.0,14.0,52,0.7417277343635373,0.7417277343635373
341,1,78.0,-43.0,121.0,66,0.9510038467230432,0.9510038467230432
342,1,-66.0,-68.0,2.0,56,0.7059992001279792,0.7059992001279792
343,-1,-164.0,-97.0,67.0,49,-0.8754939648642186,-0.8754939648642186
344,-1,-114.0,30.0,144.0,49,-0.9681093181611617,-0.9681093181611617
345,1,-7.0,-36.0,29.0,54,0.7846404438008903,0.7846404438008903
346,-1,-53.0,72.0,125.0,56,-0.9544850919872538,-0.9544850919872538
347,1,9.0,4.0,5.0,43,0.7149875124873639,0.7149875124873639
348,-1,81.0,105.0,24.0,57,-0.7706487248615493,-0.7706487248615493
349,-1,36.0,62.0,26.0,40,-0.7762886597879173,-0.7762886597879173
350,-1,-102.0,-37.0,65.0,40,-0.8715009898255351,-0.8715009898255351
351,-1,31.0,102.0,71.0,60,-0.8832030498450533,-0.8832030498450533
352,-1,59.0,72.0,13.0,68,-0.7387817750818174,-0.7387817750818174
353,1,52.0,39.0,13.0,56,0.7387817750818174,0.7387817750818174
354,-1,0.0,5.0,5.0,51,-0.7149875124873639,-0.7149875124873639
355,1,-17.0,-68.0,51.0,38,0.8409835596799112,0.8409835596799112
356,-1,33.0,118.0,85.0,57,-0.9073208409498792,-0.9073208409498792
357,1,52.0,-29.0,81.0,52,0.9008770778856312,0.9008770778856312
358,1,55.0,-23.0,78.0,51,0.895812011788597,0.895812011788597
359,1,81.0,-12.0,93.0,35,0.9191781688287831,0.9191781688287831
360,-1,-45.0,52.0,97.0,57,-0.9246112860907926,-0.9246112860907926
361,1,58.0,12.0,46.0,47,0.8290252634205938,0.8290252634205938
362,1,126.0,11.0,115.0,95,0.9453262233910863,0.9453262233910863
363,-1,37.0,63.0,26.0,51,-0.7762886597879173,-0.7762886597879173
364,-1,85.0,121.0,36.0,53,-0.8035642102406563,-0.8035642102406563
365,1,74.0,38.0,36.0,52,0.8035642102406563,0.8035642102406563
366,-1,-44.0,30.0,74.0,45,-0.8887435484242105,-0.8887435484242105
367,-1,28.0,211.0,183.0,44,-0.9849478227079121,-0.9849478227079121
368,-1,-24.0,57.0,81.0,55,-0.9008770778856312,-0.9008770778856312
369,-1,0.0,175.0,175.0,44,-0.9824126615491862,-0.9824126615491862
370,1,-4.0,-85.0,81.0,47,0.9008770778856312,0.9008770778856312
371,-1,-50.0,10.0,60.0,35,-0.8611148700994106,-0.8611148700994106
372,-1,73.0,134.0,61.0,54,-0.8632381296560703,-0.8632381296560703
373,-1,61.0,63.0,2.0,66,-0.7059992001279792,-0.7059992001279792
374,-1,-81.0,10.0,91.0,41,-0.9163396762230099,-0.9163396762230099
375,1,7.0,-4.0,11.0,62,0.7328675410643288,0.7328675410643288
376,1,32.0,-39.0,71.0,43,0.8832030498450533,0.8832030498450533
377,-1,16.0,30.0,14.0,58,-0.7417277343635373,-0.7417277343635373
378,1,-10.0,-29.0,19.0,42,0.7563238617604856,0.7563238617604856
379,-1,-101.0,10.0,111.0,37,-0.9412187174214677,-0.9412187174214677
380,-1,-168.0,-9.0,159.0,51,-0.9760447996283117,-0.9760447996283117
381,-1,-20.0,-6.0,14.0,48,-0.7417277343635373,-0.7417277343635373
382,1,-21.0,-35.0,14.0,1521,0.7417277343635373,0.7417277343635373
383,1,185.0,21.0,164.0,49,0.9782417701752111,0.9782417701752111
384,1,112.0,-10.0,122.0,52,0.9518962526963126,0.9518962526963126
385,-1,-16.0,45.0,61.0,47,-0.8632381296560703,-0.8632381296560703
386,-1,-1.0,69.0,70.0,34,-0.8813103331351491,-0.8813103331351491
387,1,5.0,-115.0,120.0,55,0.9500963821036466,0.9500963821036466
388,-1,-13.0,34.0,47.0,48,-0.8314597944498303,-0.8314597944498303
389,-1,53.0,82.0,29.0,66,-0.7846404438008903,-0.7846404438008903
390,1,133.0,8.0,125.0,1923,0.9544850919872538,0.9544850919872538
391,-1,57.0,177.0,120.0,54,-0.9500963821036466,-0.9500963821036466
392,1,-13.0,-66.0,53.0,1281,0.8456143271816114,0.8456143271816114
393,1,6.0,-54.0,60.0,54,0.8611148700994106,0.8611148700994106
394,-1,16.0,58.0,42.0,167,-0.8190791296015232,-0.8190791296015232
395,1,-103.0,-167.0,64.0,57,0.8694698658538674,0.8694698658538674
396,-1,3.0,99.0,96.0,86,-0.9232830602085511,-0.9232830602085511
397,1,50.0,14.0,36.0,64,0.8035642102406563,0.8035642102406563
398,-1,7.0,68.0,61.0,48,-0.8632381296560703,-0.8632381296560703
399,-1,10.0,14.0,4.0,77,-0.711993604093349,-0.711993604093349
400,1,125.0,51.0,74.0,59,0.8887435484242105,0.8887435484242105
401,-1,-183.0,-54.0,129.0,71,-0.9577379614643098,-0.9577379614643098
402,-1,17.0,57.0,40.0,61,-0.8139846886765675,-0.8139846886765675
403,-1,-46.0,190.0,236.0,54,-0.9946981597236354,-0.9946981597236354
404,1,67.0,-28.0,95.0,51,0.9219349153822013,0.9219349153822013
405,1,152.0,-37.0,189.0,53,0.9866119367805807,0.9866119367805807
406,1,-9.0,-40.0,31.0,34,0.7901311291442962,0.7901311291442962
407,1,94.0,-2.0,96.0,43,0.9232830602085511,0.9232830602085511
408,-1,-84.0,-59.0,25.0,82,-0.7734755987211127,-0.7734755987211127
409,1,89.0,19.0,70.0,45,0.8813103331351491,0.8813103331351491
410,-1,31.0,47.0,16.0,69,-0.7475945512892497,-0.7475945512892497
411,-1,-42.0,127.0,169.0,53,-0.9802441631211183,-0.9802441631211183
412,1,47.0,28.0,19.0,50,0.7563238617604856,0.7563238617604856
413,-1,-48.0,49.0,97.0,45,-0.9246112860907926,-0.9246112860907926
414,1,26.0,-67.0,93.0,44,0.9191781688287831,0.9191781688287831
415,1,13.0,11.0,2.0,47,0.7059992001279792,0.7059992001279792
416,1,-36.0,-75.0,39.0,50,0.8114080683629523,0.8114080683629523
417,1,5.0,-183.0,188.0,40,0.9863476339223176,0.9863476339223176
418,-1,19.0,32.0,13.0,51,-0.7387817750818174,-0.7387817750818174
419,1,64.0,48.0,16.0,48,0.7475945512892497,0.7475945512892497
420,1,-3.0,-44.0,41.0,56,0.8165418040648182,0.8165418040648182
421,1,42.0,2.0,40.0,48,0.8139846886765675,0.8139846886765675
422,1,101.0,31.0,70.0,51,0.8813103331351491,0.8813103331351491
423,-1,-74.0,35.0,109.0,71,-0.939063443261418,-0.939063443261418
424,-1,16.0,36.0,20.0,59,-0.7592125960674712,-0.7592125960674712
425,1,18.0,0.0,18.0,43,0.7534242604351991,0.7534242604351991
426,-1,14.0,155.0,141.0,46,-0.9662482398560995,-0.9662482398560995
427,1,23.0,-2.0,25.0,58,0.7734755987211127,0.7734755987211127
428,1,20.0,17.0,3.0,54,0.708997300971646,0.708997300971646
429,-1,60.0,171.0,111.0,69,-0.9412187174214677,-0.9412187174214677
430,1,26.0,14.0,12.0,93,0.7358281895603157,0.7358281895603157
431,-1,-4.0,47.0,51.0,53,-0.8409835596799112,-0.8409835596799112
432,-1,-100.0,49.0,149.0,53,-0.9709974227680569,-0.9709974227680569
433,1,-7.0,-99.0,92.0,52,0.9177692244547242,0.9177692244547242
434,1,53.0,43.0,10.0,48,0.7299003983874867,0.7299003983874867
435,1,-58.0,-69.0,11.0,37,0.7328675410643288,0.7328675410643288
436,-1,39.0,58.0,19.0,56,-0.7563238617604856,-0.7563238617604856
437,1,160.0,-172.0,332.0,46,0.999216807307884,0.999216807307884
438,-1,-92.0,47.0,139.0,43,-0.9649512666745622,-0.9649512666745622
439,1,68.0,4.0,64.0,53,0.8694698658538674,0.8694698658538674
440,-1,-16.0,73.0,89.0,56,-0.9134181195456887,-0.9134181195456887
441,-1,-73.0,-11.0,62.0,47,-0.8653384085614441,-0.8653384085614441
442,-1,-15.0,57.0,72.0,57,-0.8850727908631195,-0.8850727908631195
443,-1,-39.0,52.0,91.0,48,-0.9163396762230099,-0.9163396762230099
444,-1,5.0,72.0,67.0,52,-0.8754939648642186,-0.8754939648642186
445,-1,-15.0,81.0,96.0,41,-0.9232830602085511,-0.9232830602085511
446,1,54.0,-47.0,101.0,50,0.9297286054745317,0.9297286054745317
447,-1,-8.0,141.0,149.0,2491,-0.9709974227680569,-0.9709974227680569
448,-1,-81.0,31.0,112.0,62,-0.9422706749735843,-0.9422706749735843
449,-1,11.0,94.0,83.0,53,-0.9041428018337986,-0.9041428018337986
450,1,68.0,-38.0,106.0,53,0.9356991577080831,0.9356991577080831
451,1,7.0,-62.0,69.0,44,0.8793946001496824,0.8793946001496824
452,1,-2.0,-111.0,109.0,1458,0.939063443261418,0.939063443261418
453,-1,-51.0,28.0,79.0,49,-0.8975227107865753,-0.8975227107865753
454,-1,-20.0,51.0,71.0,37,-0.8832030498450533,-0.8832030498450533
455,1,135.0,51.0,84.0,60,0.9057427186687284,0.9057427186687284
456,-1,86.0,105.0,19.0,65,-0.7563238617604856,-0.7563238617604856
457,1,150.0,40.0,110.0,137,0.940149706528189,0.940149706528189
458,-1,17.0,58.0,41.0,39,-0.8165418040648182,-0.8165418040648182
459,1,88.0,75.0,13.0,44,0.7387817750818174,0.7387817750818174
460,1,64.0,31.0,33.0,61,0.7955562330708312,0.7955562330708312
461,1,30.0,-102.0,132.0,61,0.9600351786549456,0.9600351786549456
462,-1,-28.0,-18.0,10.0,733,-0.7299003983874867,-0.7299003983874867
463,-1,-180.0,-12.0,168.0,82,-0.9798584660311105,-0.9798584660311105
464,-1,-63.0,-34.0,29.0,49,-0.7846404438008903,-0.7846404438008903
465,1,17.0,-68.0,85.0,48,0.9073208409498792,0.9073208409498792
466,1,75.0,63.0,12.0,60,0.7358281895603157,0.7358281895603157
467,-1,-104.0,61.0,165.0,49,-0.9786572864364183,-0.9786572864364183
468,1,74.0,-45.0,119.0,39,0.9491736605615585,0.9491736605615585
469,1,48.0,23.0,25.0,72,0.7734755987211127,0.7734755987211127
470,-1,-207.0,-61.0,146.0,237,-0.969295779449745,-0.969295779449745
471,1,-19.0,-47.0,28.0,56,0.7818715241689398,0.7818715241689398
472,-1,-54.0,1.0,55.0,37,-0.8501560633570706,-0.8501560633570706
473,-1,-52.0,28.0,80.0,60,-0.8992110310803547,-0.8992110310803547
474,-1,12.0,24.0,12.0,60,-0.7358281895603157,-0.7358281895603157
475,-1,-9.0,58.0,67.0,38,-0.8754939648642186,-0.8754939648642186
476,-1,-74.0,26.0,100.0,39,-0.9284782467867294,-0.9284782467867294
477,1,2.0,-15.0,17.0,41,0.7505143137612443,0.7505143137612443
478,1,163.0,32.0,131.0,49,0.9592826238538033,0.9592826238538033
479,1,8.0,-87.0,95.0,56,0.9219349153822013,0.9219349153822013
480,1,123.0,-15.0,138.0,51,0.9642853804140992,0.9642853804140992
481,1,109.0,1.0,108.0,39,0.9379597291250503,0.9379597291250503
482,1,-28.0,-29.0,1.0,44,0.7029999000039998,0.7029999000039998
483,-1,-15.0,32.0,47.0,81,-0.8314597944498303,-0.8314597944498303
484,-1,-193.0,39.0,232.0,56,-0.994260808796745,-0.994260808796745
485,-1,-43.0,49.0,92.0,34,-0.9177692244547242,-0.9177692244547242
486,1,68.0,9.0,59.0,41,0.8589686822582587,0.8589686822582587
487,-1,18.0,51.0,33.0,51,-0.7955562330708312,-0.7955562330708312
488,1,91.0,10.0,81.0,47,0.9008770778856312,0.9008770778856312
489,1,61.0,-48.0,109.0,57,0.939063443261418,0.939063443261418
490,-1,-76.0,24.0,100.0,51,-0.9284782467867294,-0.9284782467867294
491,-1,-38.0,99.0,137.0,57,-0.9636076580106088,-0.9636076580106088
492,-1,-7.0,34.0,41.0,70,-0.8165418040648182,-0.8165418040648182
493,1,54.0,2.0,52.0,56,0.8433100036505494,0.8433100036505494
494,-1,-36.0,46.0,82.0,89969,-0.9025209624515823,-0.9025209624515823
495,-1,17.0,21.0,4.0,54,-0.711993604093349,-0.711993604093349
496,-1,4.0,44.0,40.0,75,-0.8139846886765675,-0.8139846886765675
497,1,-5.0,-45.0,40.0,48,0.8139846886765675,0.8139846886765675
498,1,56.0,47.0,9.0,51,0.726927335424148,0.726927335424148
499,-1,-202.0,-13.0,189.0,57,-0.9866119367805807,-0.9866119367805807
500,-1,45.0,55.0,10.0,59,-0.7299003983874867,-0.7299003983874867
501,-1,-57.0,8.0,65.0,55,-0.8715009898255351,-0.8715009898255351
502,-1,-77.0,44.0,121.0,45,-0.9510038467230432,-0.9510038467230432
503,-1,-30.0,5.0,35.0,51,-0.8009126633008996,-0.8009126633008996
504,-1,69.0,72.0,3.0,59,-0.708997300971646,-0.708997300971646
505,-1,21.0,44.0,23.0,43,-0.7678085056836013,-0.7678085056836013
506,1,142.0,64.0,78.0,47,0.895812011788597,0.895812011788597
507,-1,-180.0,89.0,269.0,73,-0.9972479876249776,-0.9972479876249776
508,1,-10.0,-51.0,41.0,42,0.8165418040648182,0.8165418040648182
509,-1,38.0,61.0,23.0,59,-0.7678085056836013,-0.7678085056836013
510,1,78.0,-49.0,127.0,49,0.9561392959465731,0.9561392959465731
511,-1,-100.0,94.0,194.0,59,-0.9878602017425288,-0.9878602017425288
512,1,51.0,27.0,24.0,46,0.7706487248615493,0.7706487248615493
513,1,34.0,17.0,17.0,53,0.7505143137612443,0.7505143137612443
514,-1,-5.0,14.0,19.0,69,-0.7563238617604856,-0.7563238617604856
515,1,-35.0,-163.0,128.0,81,0.9569454746417492,0.9569454746417492
516,1,8.0,-22.0,30.0,51,0.7873937837354772,0.7873937837354772
517,-1,26.0,54.0,28.0,43,-0.7818715241689398,-0.7818715241689398
518,-1,-68.0,63.0,131.0,45,-0.9592826238538033,-0.9592826238538033
519,1,69.0,49.0,20.0,53,0.7592125960674712,0.7592125960674712
520,-1,-125.0,25.0,150.0,56,-0.97154447609346,-0.97154447609346
521,-1,-1.0,15.0,16.0,49,-0.7475945512892497,-0.7475945512892497
522,1,31.0,-38.0,69.0,53,0.8793946001496824,0.8793946001496824
523,-1,-32.0,34.0,66.0,56,-0.8735090239133517,-0.8735090239133517
524,-1,33.0,62.0,29.0,57,-0.7846404438008903,-0.7846404438008903
525,-1,-35.0,73.0,108.0,50,-0.9379597291250503,-0.9379597291250503
526,1,48.0,16.0,32.0,46,0.7928520763637915,0.7928520763637915
527,1,28.0,-75.0,103.0,47,0.9321725019567526,0.9321725019567526
528,1,86.0,4.0,82.0,41,0.9025209624515823,0.9025209624515823
529,-1,-51.0,-30.0,21.0,55,-0.7620899499188357,-0.7620899499188357
530,-1,-41.0,82.0,123.0,61,-0.9527737976976789,-0.9527737976976789
531,-1,40.0,129.0,89.0,54,-0.9134181195456887,-0.9134181195456887
532,-1,-11.0,109.0,120.0,62,-0.9500963821036466,-0.9500963821036466
533,-1,10.0,53.0,43.0,94611,-0.8215963926068388,-0.8215963926068388
534,-1,19.0,36.0,17.0,46,-0.7505143137612443,-0.7505143137612443
535,1,109.0,29.0,80.0,38,0.8992110310803547,0.8992110310803547
536,-1,-50.0,115.0,165.0,54,-0.9786572864364183,-0.9786572864364183
537,-1,-74.0,3.0,77.0,47,-0.89407883513253,-0.89407883513253
538,-1,-36.0,16.0,52.0,49,-0.8433100036505494,-0.8433100036505494
539,1,45.0,-51.0,96.0,59,0.9232830602085511,0.9232830602085511
540,1,11.0,6.0,5.0,57,0.7149875124873639,0.7149875124873639
541,1,-36.0,-50.0,14.0,64,0.7417277343635373,0.7417277343635373
542,-1,-258.0,-5.0,253.0,85,-0.9962166716275984,-0.9962166716275984
543,-1,-2.0,59.0,61.0,56,-0.8632381296560703,-0.8632381296560703
544,-1,-20.0,32.0,52.0,57,-0.8433100036505494,-0.8433100036505494
545,1,13.0,-29.0,42.0,39,0.8190791296015232,0.8190791296015232
546,1,245.0,-92.0,337.0,53,0.9992912499073126,0.9992912499073126
547,1,0.0,-44.0,44.0,63,0.8240933326561405,0.8240933326561405
548,1,1.0,-40.0,41.0,93,0.8165418040648182,0.8165418040648182
549,-1,19.0,47.0,28.0,56,-0.7818715241689398,-0.7818715241689398
550,-1,26.0,54.0,28.0,63,-0.7818715241689398,-0.7818715241689398
551,1,57.0,-193.0,250.0,42,0.9959842894454292,0.9959842894454292
552,-1,1.0,36.0,35.0,59,-0.8009126633008996,-0.8009126633008996
553,1,79.0,-63.0,142.0,55,0.9668796773302394,0.9668796773302394
554,1,-5.0,-39.0,34.0,40,0.7982432184426116,0.7982432184426116
555,1,50.0,27.0,23.0,54,0.7678085056836013,0.7678085056836013
556,1,27.0,-31.0,58.0,82,0.8567996289057462,0.8567996289057462
557,-1,6.0,92.0,86.0,1778,-0.9088773018060043,-0.9088773018060043
558,-1,-242.0,206.0,448.0,66,-0.9999229421455521,-0.9999229421455521
559,-1,-46.0,101.0,147.0,58,-0.9698732360858401,-0.9698732360858401
560,1,80.0,50.0,30.0,52,0.7873937837354772,0.7873937837354772
561,-1,-175.0,-83.0,92.0,42,-0.9177692244547242,-0.9177692244547242
562,1,-19.0,-42.0,23.0,59,0.7678085056836013,0.7678085056836013
563,1,22.0,18.0,4.0,96,0.711993604093349,0.711993604093349
564,-1,-3.0,35.0,38.0,49,-0.8088122402734153,-0.8088122402734153
565,-1,-9.0,50.0,59.0,51,-0.8589686822582587,-0.8589686822582587
566,-1,42.0,64.0,22.0,68,-0.7649554184479086,-0.7649554184479086
567,1,30.0,-138.0,168.0,44,0.9798584660311105,0.9798584660311105
568,1,81.0,-25.0,106.0,146,0.9356991577080831,0.9356991577080831
569,1,34.0,19.0,15.0,43,0.7446655100869953,0.7446655100869953
570,1,26.0,-136.0,162.0,55,0.9773872656948365,0.9773872656948365
571,1,10.0,-90.0,100.0,70,0.9284782467867294,0.9284782467867294
572,1,-11.0,-37.0,26.0,44,0.7762886597879173,0.7762886597879173
573,-1,-96.0,0.0,96.0,37,-0.9232830602085511,-0.9232830602085511
574,1,116.0,76.0,40.0,85,0.8139846886765675,0.8139846886765675
575,-1,-65.0,17.0,82.0,51,-0.9025209624515823,-0.9025209624515823
576,1,47.0,13.0,34.0,47,0.7982432184426116,0.7982432184426116
577,1,68.0,-89.0,157.0,541,0.9751077284189824,0.9751077284189824
578,1,-7.0,-27.0,20.0,59,0.7592125960674712,0.7592125960674712
579,-1,4.0,160.0,156.0,66,-0.9746261368947797,-0.9746261368947797
580,1,43.0,42.0,1.0,55,0.7029999000039998,0.7029999000039998
581,-1,27.0,31.0,4.0,49,-0.711993604093349,-0.711993604093349
582,-1,43.0,51.0,8.0,49,-0.7239489307333393,-0.7239489307333393
583,1,-10.0,-35.0,25.0,226,0.7734755987211127,0.7734755987211127
584,-1,-191.0,-19.0,172.0,61,-0.9813589095041996,-0.9813589095041996
585,-1,-84.0,5.0,89.0,39,-0.9134181195456887,-0.9134181195456887
586,-1,-101.0,105.0,206.0,61,-0.9904090909946784,-0.9904090909946784
587,-1,-5.0,14.0,19.0,1610,-0.7563238617604856,-0.7563238617604856
588,1,67.0,-55.0,122.0,43,0.9518962526963126,0.9518962526963126
589,-1,-5.0,27.0,32.0,47,-0.7928520763637915,-0.7928520763637915
590,-1,-75.0,10.0,85.0,49,-0.9073208409498792,-0.9073208409498792
591,1,15.0,13.0,2.0,45,0.7059992001279792,0.7059992001279792
592,-1,-10.0,-3.0,7.0,51,-0.7209657670949287,-0.7209657670949287
593,1,63.0,-92.0,155.0,850,0.9741356470353484,0.9741356470353484
594,-1,28.0,160.0,132.0,59,-0.9600351786549456,-0.9600351786549456
595,-1,-13.0,35.0,48.0,79,-0.8338730830746339,-0.8338730830746339
596,-1,-33.0,11.0,44.0,64,-0.8240933326561405,-0.8240933326561405
597,-1,-9.0,77.0,86.0,218,-0.9088773018060043,-0.9088773018060043
598,1,107.0,36.0,71.0,53,0.8832030498450533,0.8832030498450533
599,-1,-25.0,106.0,131.0,80,-0.9592826238538033,-0.9592826238538033
600,1,37.0,-9.0,46.0,52,0.8290252634205938,0.8290252634205938
601,-1,-75.0,0.0,75.0,49,-0.8905446857161862,-0.8905446857161862
602,-1,62.0,78.0,16.0,50,-0.7475945512892497,-0.7475945512892497
603,0,-17.0,-17.0,0.0,53,0.0,0.0
604,-1,32.0,123.0,91.0,63,-0.9163396762230099,-0.9163396762230099
605,1,79.0,68.0,11.0,64,0.7328675410643288,0.7328675410643288
606,1,-108.0,-166.0,58.0,210,0.8567996289057462,0.8567996289057462
607,1,20.0,-14.0,34.0,60,0.7982432184426116,0.7982432184426116
608,1,47.0,-71.0,118.0,62,0.94823548330245,0.94823548330245
609,-1,-5.0,50.0,55.0,52,-0.8501560633570706,-0.8501560633570706
610,1,63.0,-46.0,109.0,62,0.939063443261418,0.939063443261418
611,1,-19.0,-26.0,7.0,48,0.7209657670949287,0.7209657670949287
612,1,172.0,142.0,30.0,44,0.7873937837354772,0.7873937837354772
613,1,97.0,66.0,31.0,62,0.7901311291442962,0.7901311291442962
614,-1,-51.0,-4.0,47.0,49,-0.8314597944498303,-0.8314597944498303
615,-1,-35.0,86.0,121.0,73,-0.9510038467230432,-0.9510038467230432
616,1,-17.0,-98.0,81.0,62,0.9008770778856312,0.9008770778856312
617,1,52.0,22.0,30.0,48,0.7873937837354772,0.7873937837354772
618,-1,-30.0,-27.0,3.0,77,-0.708997300971646,-0.708997300971646
619,1,54.0,20.0,34.0,861,0.7982432184426116,0.7982432184426116
620,-1,43.0,136.0,93.0,48,-0.9191781688287831,-0.9191781688287831
621,1,29.0,-48.0,77.0,60,0.89407883513253,0.89407883513253
622,-1,7.0,23.0,16.0,44,-0.7475945512892497,-0.7475945512892497
623,1,18.0,-50.0,68.0,67,0.8774558186295449,0.8774558186295449
624,1,139.0,9.0,130.0,55,0.9585169477939919,0.9585169477939919
625,-1,-39.0,172.0,211.0,298,-0.9913085656015199,-0.9913085656015199
626,-1,-28.0,8.0,36.0,35,-0.8035642102406563,-0.8035642102406563
627,-1,22.0,49.0,27.0,89,-0.779087450641661,-0.779087450641661
628,1,18.0,14.0,4.0,47,0.711993604093349,0.711993604093349
629,-1,-37.0,28.0,65.0,48,-0.8715009898255351,-0.8715009898255351
630,1,62.0,-6.0,68.0,56,0.8774558186295449,0.8774558186295449
631,1,5.0,-47.0,52.0,48,0.8433100036505494,0.8433100036505494
632,1,51.0,43.0,8.0,99,0.7239489307333393,0.7239489307333393
633,-1,31.0,33.0,2.0,54,-0.7059992001279792,-0.7059992001279792
634,-1,52.0,154.0,102.0,48,-0.9309599607726701,-0.9309599607726701
635,-1,54.0,66.0,12.0,62,-0.7358281895603157,-0.7358281895603157
636,-1,18.0,60.0,42.0,50,-0.8190791296015232,-0.8190791296015232
637,1,-35.0,-65.0,30.0,60,0.7873937837354772,0.7873937837354772
638,1,198.0,8.0,190.0,43,0.9868712374383217,0.9868712374383217
639,-1,118.0,141.0,23.0,23853,-0.7678085056836013,-0.7678085056836013
640,1,7.0,-12.0,19.0,36,0.7563238617604856,0.7563238617604856
641,-1,49.0,69.0,20.0,41,-0.7592125960674712,-0.7592125960674712
642,1,85.0,63.0,22.0,54,0.7649554184479086,0.7649554184479086
643,-1,-50.0,-12.0,38.0,62,-0.8088122402734153,-0.8088122402734153
644,-1,-89.0,50.0,139.0,55,-0.9649512666745622,-0.9649512666745622
645,1,136.0,-18.0,154.0,52,0.9736361107623153,0.9736361107623153
646,-1,50.0,57.0,7.0,91,-0.7209657670949287,-0.7209657670949287
647,1,124.0,35.0,89.0,1337,0.9134181195456887,0.9134181195456887
648,1,61.0,-133.0,194.0,149,0.9878602017425288,0.9878602017425288
649,1,-102.0,-195.0,93.0,64,0.9191781688287831,0.9191781688287831
650,1,42.0,-11.0,53.0,54,0.8456143271816114,0.8456143271816114
651,-1,-73.0,58.0,131.0,52,-0.9592826238538033,-0.9592826238538033
652,1,47.0,-118.0,165.0,79,0.9786572864364183,0.9786572864364183
653,-1,-8.0,43.0,51.0,60,-0.8409835596799112,-0.8409835596799112
654,-1,16.0,24.0,8.0,96,-0.7239489307333393,-0.7239489307333393
655,1,85.0,47.0,38.0,65,0.8088122402734153,0.8088122402734153
656,-1,43.0,111.0,68.0,71,-0.8774558186295449,-0.8774558186295449
657,-1,21.0,58.0,37.0,46,-0.8061975137431138,-0.8061975137431138
658,-1,-10.0,52.0,62.0,57,-0.8653384085614441,-0.8653384085614441
659,-1,-34.0,3.0,37.0,44,-0.8061975137431138,-0.8061975137431138
660,1,40.0,9.0,31.0,33,0.7901311291442962,0.7901311291442962
661,1,9.0,2.0,7.0,67,0.7209657670949287,0.7209657670949287
662,-1,30.0,185.0,155.0,58,-0.9741356470353484,-0.9741356470353484
663,-1,-25.0,60.0,85.0,59,-0.9073208409498792,-0.9073208409498792
664,1,82.0,-69.0,151.0,49,0.9720817152911612,0.9720817152911612
665,1,32.0,10.0,22.0,68,0.7649554184479086,0.7649554184479086
666,1,140.0,-4.0,144.0,55,0.9681093181611617,0.9681093181611617
667,-1,4.0,7.0,3.0,63,-0.708997300971646,-0.708997300971646
668,1,57.0,48.0,9.0,88,0.726927335424148,0.726927335424148
669,1,-9.0,-56.0,47.0,60,0.8314597944498303,0.8314597944498303
670,1,-42.0,-70.0,28.0,55,0.7818715241689398,0.7818715241689398
671,-1,-145.0,-30.0,115.0,61,-0.9453262233910863,-0.9453262233910863
672,1,52.0,50.0,2.0,58,0.7059992001279792,0.7059992001279792
673,1,38.0,-64.0,102.0,55,0.9309599607726701,0.9309599607726701
674,-1,0.0,24.0,24.0,40,-0.7706487248615493,-0.7706487248615493
675,-1,54.0,201.0,147.0,54,-0.9698732360858401,-0.9698732360858401
676,-1,-40.0,25.0,65.0,53,-0.8715009898255351,-0.8715009898255351
677,-1,-17.0,55.0,72.0,41,-0.8850727908631195,-0.8850727908631195
678,-1,-50.0,31.0,81.0,50,-0.9008770778856312,-0.9008770778856312
679,1,29.0,-55.0,84.0,46,0.9057427186687284,0.9057427186687284
680,-1,-71.0,-57.0,14.0,47,-0.7417277343635373,-0.7417277343635373
681,-1,-52.0,4.0,56.0,31,-0.8523932298693688,-0.8523932298693688
682,1,26.0,22.0,4.0,58,0.711993604093349,0.711993604093349
683,-1,37.0,95.0,58.0,73,-0.8567996289057462,-0.8567996289057462
684,1,6.0,-40.0,46.0,53,0.8290252634205938,0.8290252634205938
685,-1,23.0,161.0,138.0,65,-0.9642853804140992,-0.9642853804140992
686,-1,-73.0,16.0,89.0,49,-0.9134181195456887,-0.9134181195456887
687,1,26.0,-103.0,129.0,58,0.9577379614643098,0.9577379614643098
688,1,55.0,38.0,17.0,54,0.7505143137612443,0.7505143137612443
689,1,7.0,-42.0,49.0,42,0.8362649298046777,0.8362649298046777
690,1,-20.0,-27.0,7.0,59,0.7209657670949287,0.7209657670949287
691,1,27.0,-103.0,130.0,1820,0.9585169477939919,0.9585169477939919
692,-1,-20.0,-4.0,16.0,35,-0.7475945512892497,-0.7475945512892497
693,-1,-33.0,9.0,42.0,43,-0.8190791296015232,-0.8190791296015232
694,-1,-49.0,-39.0,10.0,60,-0.7299003983874867,-0.7299003983874867
695,1,99.0,-6.0,105.0,71,0.9345419072826322,0.9345419072826322
696,-1,-256.0,49.0,305.0,83,-0.9986572908872342,-0.9986572908872342
697,1,9.0,-72.0,81.0,37,0.9008770778856312,0.9008770778856312
698,-1,-90.0,-76.0,14.0,72,-0.7417277343635373,-0.7417277343635373
699,-1,-35.0,-2.0,33.0,64,-0.7955562330708312,-0.7955562330708312
700,-1,0.0,149.0,149.0,56,-0.9709974227680569,-0.9709974227680569
701,-1,-77.0,27.0,104.0,50,-0.9333664199731555,-0.9333664199731555
702,-1,-72.0,-6.0,66.0,73,-0.8735090239133517,-0.8735090239133517
703,1,52.0,-38.0,90.0,114,0.9148893610597073,0.9148893610597073
704,-1,-8.0,69.0,77.0,61,-0.89407883513253,-0.89407883513253
705,-1,-75.0,-72.0,3.0,52,-0.708997300971646,-0.708997300971646
706,-1,-34.0,-7.0,27.0,65,-0.779087450641661,-0.779087450641661
707,1,26.0,-36.0,62.0,54,0.8653384085614441,0.8653384085614441
708,1,16.0,-2.0,18.0,47,0.7534242604351991,0.7534242604351991
709,1,59.0,34.0,25.0,54,0.7734755987211127,0.7734755987211127
710,-1,-26.0,96.0,122.0,49,-0.9518962526963126,-0.9518962526963126
711,-1,10.0,64.0,54.0,61,-0.8478963900025973,-0.8478963900025973
712,1,104.0,-5.0,109.0,43,0.939063443261418,0.939063443261418
713,1,-81.0,-172.0,91.0,83,0.9163396762230099,0.9163396762230099
714,1,157.0,-12.0,169.0,80,0.9802441631211183,0.9802441631211183
715,-1,-12.0,31.0,43.0,52,-0.8215963926068388,-0.8215963926068388
716,-1,-103.0,47.0,150.0,59,-0.97154447609346,-0.97154447609346
717,1,55.0,-17.0,72.0,41,0.8850727908631195,0.8850727908631195
718,-1,62.0,125.0,63.0,77,-0.8674156646678872,-0.8674156646678872
719,-1,-98.0,-5.0,93.0,45,-0.9191781688287831,-0.9191781688287831
720,1,15.0,12.0,3.0,55,0.708997300971646,0.708997300971646
721,1,220.0,10.0,210.0,93,0.9911355809840362,0.9911355809840362
722,-1,-3.0,148.0,151.0,62,-0.9720817152911612,-0.9720817152911612
723,-1,-97.0,-33.0,64.0,79,-0.8694698658538674,-0.8694698658538674
724,1,57.0,1.0,56.0,49,0.8523932298693688,0.8523932298693688
725,1,221.0,36.0,185.0,54,0.9855237871493985,0.9855237871493985
726,-1,-109.0,82.0,191.0,51,-0.9871256261694379,-0.9871256261694379
727,1,17.0,-70.0,87.0,55,0.9104122392814937,0.9104122392814937
728,-1,-48.0,94.0,142.0,2088,-0.9668796773302394,-0.9668796773302394
729,-1,16.0,88.0,72.0,49,-0.8850727908631195,-0.8850727908631195
730,-1,-2.0,35.0,37.0,66,-0.8061975137431138,-0.8061975137431138
731,-1,-30.0,-25.0,5.0,52,-0.7149875124873639,-0.7149875124873639
732,1,51.0,18.0,33.0,40,0.7955562330708312,0.7955562330708312
733,1,22.0,11.0,11.0,43,0.7328675410643288,0.7328675410643288
734,-1,-113.0,53.0,166.0,45,-0.9790651548809579,-0.9790651548809579
735,-1,-19.0,21.0,40.0,41,-0.8139846886765675,-0.8139846886765675
736,1,-63.0,-76.0,13.0,95,0.7387817750818174,0.7387817750818174
737,1,-39.0,-85.0,46.0,51,0.8290252634205938,0.8290252634205938
738,1,148.0,-31.0,179.0,1845,0.9837281696789422,0.9837281696789422
739,1,33.0,-19.0,52.0,64,0.8433100036505494,0.8433100036505494
740,1,109.0,-33.0,142.0,116,0.9668796773302394,0.9668796773302394
741,-1,-22.0,-3.0,19.0,74309,-0.7563238617604856,-0.7563238617604856
742,-1,-7.0,2.0,9.0,46,-0.726927335424148,-0.726927335424148
743,-1,-61.0,64.0,125.0,55,-0.9544850919872538,-0.9544850919872538
744,-1,52.0,64.0,12.0,48,-0.7358281895603157,-0.7358281895603157
745,-1,-9.0,12.0,21.0,948,-0.7620899499188357,-0.7620899499188357
746,1,28.0,-35.0,63.0,66,0.8674156646678872,0.8674156646678872
747,1,95.0,45.0,50.0,53,0.8386351471780029,0.8386351471780029
748,1,192.0,4.0,188.0,43,0.9863476339223176,0.9863476339223176
749,1,-10.0,-200.0,190.0,44,0.9868712374383217,0.9868712374383217
750,-1,-52.0,46.0,98.0,71,-0.9259197714608656,-0.9259197714608656
751,1,50.0,25.0,25.0,60,0.7734755987211127,0.7734755987211127
752,-1,24.0,39.0,15.0,64,-0.7446655100869953,-0.7446655100869953
753,1,48.0,20.0,28.0,39,0.7818715241689398,0.7818715241689398
754,-1,-76.0,-41.0,35.0,53,-0.8009126633008996,-0.8009126633008996
755,1,24.0,-39.0,63.0,55,0.8674156646678872,0.8674156646678872
756,-1,-4.0,42.0,46.0,34,-0.8290252634205938,-0.8290252634205938
757,-1,-99.0,19.0,118.0,39,-0.94823548330245,-0.94823548330245
758,-1,7.0,19.0,12.0,40,-0.7358281895603157,-0.7358281895603157
759,-1,-209.0,42.0,251.0,47,-0.9960632841195902,-0.9960632841195902
760,1,69.0,-18.0,87.0,58,0.9104122392814937,0.9104122392814937
761,-1,9.0,97.0,88.0,36,-0.9119257961191706,-0.9119257961191706
762,-1,-2.0,71.0,73.0,136,-0.8869196048717083,-0.8869196048717083
763,1,-8.0,-10.0,2.0,61,0.7059992001279792,0.7059992001279792
764,1,92.0,25.0,67.0,56,0.8754939648642186,0.8754939648642186
765,-1,-76.0,91.0,167.0,58,-0.9794655053845625,-0.9794655053845625
766,-1,-21.0,2.0,23.0,29,-0.7678085056836013,-0.7678085056836013
767,-1,-94.0,-91.0,3.0,46,-0.708997300971646,-0.708997300971646
768,-1,-23.0,16.0,39.0,61,-0.8114080683629523,-0.8114080683629523
769,1,94.0,-109.0,203.0,45,0.9898260786938795,0.9898260786938795
770,-1,-89.0,18.0,107.0,1453,-0.9368383662864941,-0.9368383662864941
771,-1,-122.0,25.0,147.0,47,-0.9698732360858401,-0.9698732360858401
772,1,82.0,47.0,35.0,68,0.8009126633008996,0.8009126633008996
773,-1,-28.0,141.0,169.0,54,-0.9802441631211183,-0.9802441631211183
774,-1,-147.0,-30.0,117.0,65,-0.9472816511024192,-0.9472816511024192
775,-1,-65.0,-59.0,6.0,47,-0.717978431058743,-0.717978431058743
776,1,72.0,56.0,16.0,43,0.7475945512892497,0.7475945512892497
777,1,9.0,-59.0,68.0,52,0.8774558186295449,0.8774558186295449
778,-1,22.0,29.0,7.0,45,-0.7209657670949287,-0.7209657670949287
779,1,-5.0,-75.0,70.0,46,0.8813103331351491,0.8813103331351491
780,-1,-39.0,7.0,46.0,39,-0.8290252634205938,-0.8290252634205938
781,-1,23.0,120.0,97.0,47,-0.9246112860907926,-0.9246112860907926
782,1,83.0,34.0,49.0,62,0.8362649298046777,0.8362649298046777
783,1,29.0,-47.0,76.0,125,0.8923230883556039,0.8923230883556039
784,-1,-121.0,15.0,136.0,46,-0.9629179202418469,-0.9629179202418469
785,1,57.0,24.0,33.0,50,0.7955562330708312,0.7955562330708312
786,-1,37.0,41.0,4.0,97,-0.711993604093349,-0.711993604093349
787,1,139.0,46.0,93.0,53,0.9191781688287831,0.9191781688287831
788,1,108.0,-6.0,114.0,45,0.9443242281297057,0.9443242281297057
789,-1,59.0,156.0,97.0,51,-0.9246112860907926,-0.9246112860907926
790,1,21.0,-83.0,104.0,54,0.9333664199731555,0.9333664199731555
791,1,90.0,-21.0,111.0,62,0.9412187174214677,0.9412187174214677
792,-1,-5.0,-1.0,4.0,50,-0.711993604093349,-0.711993604093349
793,-1,-18.0,1.0,19.0,47,-0.7563238617604856,-0.7563238617604856
794,-1,-143.0,8.0,151.0,48,-0.9720817152911612,-0.9720817152911612
795,-1,-26.0,205.0,231.0,50,-0.9941460006252691,-0.9941460006252691
796,1,-95.0,-104.0,9.0,50,0.726927335424148,0.726927335424148
797,-1,-42.0,87.0,129.0,48,-0.9577379614643098,-0.9577379614643098
798,1,6.0,-7.0,13.0,35,0.7387817750818174,0.7387817750818174
799,1,58.0,25.0,33.0,44,0.7955562330708312,0.7955562330708312
800,1,143.0,63.0,80.0,49,0.8992110310803547,0.8992110310803547
801,-1,8.0,74.0,66.0,61,-0.8735090239133517,-0.8735090239133517
802,-1,65.0,145.0,80.0,64,-0.8992110310803547,-0.8992110310803547
803,1,50.0,40.0,10.0,69,0.7299003983874867,0.7299003983874867
804,1,41.0,-59.0,100.0,46,0.9284782467867294,0.9284782467867294
805,-1,-80.0,15.0,95.0,105,-0.9219349153822013,-0.9219349153822013
806,-1,1.0,23.0,22.0,46,-0.7649554184479086,-0.7649554184479086
807,-1,-51.0,32.0,83.0,51,-0.9041428018337986,-0.9041428018337986
808,-1,59.0,66.0,7.0,57,-0.7209657670949287,-0.7209657670949287
809,1,91.0,57.0,34.0,55,0.7982432184426116,0.7982432184426116
810,1,66.0,-102.0,168.0,55,0.9798584660311105,0.9798584660311105
811,1,41.0,-37.0,78.0,59,0.895812011788597,0.895812011788597
812,-1,2.0,7.0,5.0,942,-0.7149875124873639,-0.7149875124873639
813,-1,-83.0,-73.0,10.0,43,-0.7299003983874867,-0.7299003983874867
814,1,46.0,33.0,13.0,66,0.7387817750818174,0.7387817750818174
815,-1,-12.0,11.0,23.0,46,-0.7678085056836013,-0.7678085056836013
816,1,72.0,-29.0,101.0,49,0.9297286054745317,0.9297286054745317
817,1,5.0,0.0,5.0,40,0.7149875124873639,0.7149875124873639
818,1,67.0,37.0,30.0,68,0.7873937837354772,0.7873937837354772
819,1,33.0,-28.0,61.0,72,0.8632381296560703,0.8632381296560703
820,-1,-129.0,9.0,138.0,49,-0.9642853804140992,-0.9642853804140992
821,1,8.0,-4.0,12.0,62,0.7358281895603157,0.7358281895603157
822,-1,-89.0,50.0,139.0,471,-0.9649512666745622,-0.9649512666745622
823,1,69.0,-19.0,88.0,106,0.9119257961191706,0.9119257961191706
824,1,-51.0,-90.0,39.0,61,0.8114080683629523,0.8114080683629523
825,1,25.0,-71.0,96.0,43,0.9232830602085511,0.9232830602085511
826,-1,-13.0,67.0,80.0,50,-0.8992110310803547,-0.8992110310803547
827,-1,-185.0,57.0,242.0,53,-0.9952929861817266,-0.9952929861817266
828,1,11.0,-50.0,61.0,53,0.8632381296560703,0.8632381296560703
829,-1,18.0,121.0,103.0,58,-0.9321725019567526,-0.9321725019567526
830,1,99.0,14.0,85.0,31,0.9073208409498792,0.9073208409498792
831,1,-2.0,-124.0,122.0,51,0.9518962526963126,0.9518962526963126
832,-1,2.0,3.0,1.0,51,-0.7029999000039998,-0.7029999000039998
833,1,23.0,-45.0,68.0,46,0.8774558186295449,0.8774558186295449
834,-1,-28.0,53.0,81.0,47,-0.9008770778856312,-0.9008770778856312
835,1,23.0,-19.0,42.0,51,0.8190791296015232,0.8190791296015232
836,-1,28.0,63.0,35.0,55,-0.8009126633008996,-0.8009126633008996
837,1,-12.0,-111.0,99.0,57,0.9272086972649578,0.9272086972649578
838,-1,-49.0,28.0,77.0,57,-0.89407883513253,-0.89407883513253
839,1,14.0,-16.0,30.0,45,0.7873937837354772,0.7873937837354772
840,1,69.0,20.0,49.0,53,0.8362649298046777,0.8362649298046777
841,-1,-50.0,5.0,55.0,43,-0.8501560633570706,-0.8501560633570706
842,-1,-10.0,14.0,24.0,55,-0.7706487248615493,-0.7706487248615493
843,-1,13.0,49.0,36.0,55,-0.8035642102406563,-0.8035642102406563
844,1,-76.0,-146.0,70.0,66,0.8813103331351491,0.8813103331351491
845,-1,-48.0,47.0,95.0,57,-0.9219349153822013,-0.9219349153822013
846,-1,-87.0,-10.0,77.0,52,-0.89407883513253,-0.89407883513253
847,-1,33.0,110.0,77.0,1895,-0.89407883513253,-0.89407883513253
848,1,43.0,-38.0,81.0,58,0.9008770778856312,0.9008770778856312
849,-1,-31.0,47.0,78.0,55,-0.895812011788597,-0.895812011788597
850,1,103.0,-46.0,149.0,55,0.9709974227680569,0.9709974227680569
851,-1,-3.0,44.0,47.0,72,-0.8314597944498303,-0.8314597944498303
852,1,88.0,-24.0,112.0,68,0.9422706749735843,0.9422706749735843
853,1,59.0,-156.0,215.0,61,0.9919678493034012,0.9919678493034012
854,-1,-51.0,-18.0,33.0,45,-0.7955562330708312,-0.7955562330708312
855,-1,-42.0,-25.0,17.0,39,-0.7505143137612443,-0.7505143137612443
856,-1,-107.0,-23.0,84.0,63,-0.9057427186687284,-0.9057427186687284
857,1,58.0,43.0,15.0,60,0.7446655100869953,0.7446655100869953
858,-1,25.0,118.0,93.0,49,-0.9191781688287831,-0.9191781688287831
859,-1,-51.0,44.0,95.0,72,-0.9219349153822013,-0.9219349153822013
860,-1,-80.0,25.0,105.0,43,-0.9345419072826322,-0.9345419072826322
861,1,31.0,-71.0,102.0,88,0.9309599607726701,0.9309599607726701
862,-1,-19.0,49.0,68.0,58,-0.8774558186295449,-0.8774558186295449
863,-1,25.0,106.0,81.0,58,-0.9008770778856312,-0.9008770778856312
864,-1,80.0,159.0,79.0,75,-0.8975227107865753,-0.8975227107865753
865,-1,-12.0,13.0,25.0,56,-0.7734755987211127,-0.7734755987211127
866,1,-53.0,-130.0,77.0,47,0.89407883513253,0.89407883513253
867,-1,5.0,17.0,12.0,44,-0.7358281895603157,-0.7358281895603157
868,-1,-57.0,17.0,74.0,777,-0.8887435484242105,-0.8887435484242105
869,-1,97.0,164.0,67.0,79,-0.8754939648642186,-0.8754939648642186
870,-1,-4.0,119.0,123.0,78,-0.9527737976976789,-0.9527737976976789
871,-1,-18.0,10.0,28.0,97,-0.7818715241689398,-0.7818715241689398
872,1,79.0,0.0,79.0,47,0.8975227107865753,0.8975227107865753
873,-1,-21.0,57.0,78.0,47,-0.895812011788597,-0.895812011788597
874,1,116.0,-32.0,148.0,45,0.970440396349584,0.970440396349584
875,-1,21.0,95.0,74.0,46,-0.8887435484242105,-0.8887435484242105
876,-1,53.0,63.0,10.0,44,-0.7299003983874867,-0.7299003983874867
877,1,25.0,-243.0,268.0,50,0.9971926534081896,0.9971926534081896
878,-1,15.0,52.0,37.0,50,-0.8061975137431138,-0.8061975137431138
879,1,120.0,-70.0,190.0,46,0.9868712374383217,0.9868712374383217
880,-1,13.0,193.0,180.0,38,-0.9840418038538805,-0.9840418038538805
881,-1,7.0,92.0,85.0,90,-0.9073208409498792,-0.9073208409498792
882,1,73.0,31.0,42.0,49,0.8190791296015232,0.8190791296015232
883,-1,-8.0,73.0,81.0,47,-0.9008770778856312,-0.9008770778856312
884,-1,-63.0,6.0,69.0,57,-0.8793946001496824,-0.8793946001496824
885,-1,-11.0,38.0,49.0,46,-0.8362649298046777,-0.8362649298046777
886,-1,-43.0,-36.0,7.0,50,-0.7209657670949287,-0.7209657670949287
887,1,50.0,31.0,19.0,60,0.7563238617604856,0.7563238617604856
888,1,85.0,-18.0,103.0,49,0.9321725019567526,0.9321725019567526
889,-1,-6.0,22.0,28.0,61,-0.7818715241689398,-0.7818715241689398
890,-1,-9.0,14.0,23.0,44,-0.7678085056836013,-0.7678085056836013
891,1,111.0,3.0,108.0,63,0.9379597291250503,0.9379597291250503
892,1,-19.0,-31.0,12.0,63,0.7358281895603157,0.7358281895603157
893,1,45.0,21.0,24.0,54,0.7706487248615493,0.7706487248615493
894,-1,11.0,259.0,248.0,55,-0.9958215464933428,-0.9958215464933428
895,1,-10.0,-43.0,33.0,82,0.7955562330708312,0.7955562330708312
896,1,89.0,9.0,80.0,72,0.8992110310803547,0.8992110310803547
897,-1,-66.0,56.0,122.0,51,-0.9518962526963126,-0.9518962526963126
898,-1,-64.0,42.0,106.0,47,-0.9356991577080831,-0.9356991577080831
899,-1,-29.0,52.0,81.0,58,-0.9008770778856312,-0.9008770778856312
900,-1,-88.0,9.0,97.0,51,-0.9246112860907926,-0.9246112860907926
901,1,99.0,-5.0,104.0,49,0.9333664199731555,0.9333664199731555
902,-1,-74.0,-62.0,12.0,57,-0.7358281895603157,-0.7358281895603157
903,-1,-96.0,151.0,247.0,183,-0.9957377357653667,-0.9957377357653667
904,-1,-36.0,82.0,118.0,53,-0.94823548330245,-0.94823548330245
905,-1,-3.0,124.0,127.0,52,-0.9561392959465731,-0.9561392959465731
906,-1,-112.0,-15.0,97.0,40,-0.9246112860907926,-0.9246112860907926
907,1,131.0,10.0,121.0,66,0.9510038467230432,0.9510038467230432
908,-1,-21.0,44.0,65.0,51,-0.8715009898255351,-0.8715009898255351
909,1,61.0,53.0,8.0,45,0.7239489307333393,0.7239489307333393
910,-1,10.0,67.0,57.0,36,-0.8546077834022229,-0.8546077834022229
911,-1,-154.0,51.0,205.0,87,-0.9902185003771354,-0.9902185003771354
912,-1,1.0,108.0,107.0,39,-0.9368383662864941,-0.9368383662864941
913,1,105.0,-101.0,206.0,72,0.9904090909946784,0.9904090909946784
914,-1,-8.0,9.0,17.0,65,-0.7505143137612443,-0.7505143137612443
915,1,181.0,59.0,122.0,41,0.9518962526963126,0.9518962526963126
916,-1,61.0,81.0,20.0,57,-0.7592125960674712,-0.7592125960674712
917,1,93.0,-37.0,130.0,57,0.9585169477939919,0.9585169477939919
918,-1,-32.0,14.0,46.0,1293,-0.8290252634205938,-0.8290252634205938
919,-1,-4.0,159.0,163.0,38,-0.9778184744219938,-0.9778184744219938
920,1,278.0,41.0,237.0,53,0.9948022337291121,0.9948022337291121
921,-1,12.0,53.0,41.0,58,-0.8165418040648182,-0.8165418040648182
922,1,101.0,43.0,58.0,55,0.8567996289057462,0.8567996289057462
923,-1,9.0,110.0,101.0,51,-0.9297286054745317,-0.9297286054745317
924,1,111.0,39.0,72.0,65,0.8850727908631195,0.8850727908631195
925,1,55.0,-53.0,108.0,58,0.9379597291250503,0.9379597291250503
926,1,47.0,-30.0,77.0,51,0.89407883513253,0.89407883513253
927,1,24.0,-24.0,48.0,46,0.8338730830746339,0.8338730830746339
928,1,36.0,-10.0,46.0,58,0.8290252634205938,0.8290252634205938
929,1,4.0,-7.0,11.0,33,0.7328675410643288,0.7328675410643288
930,1,9.0,-177.0,186.0,64,0.9858036531067234,0.9858036531067234
931,-1,-60.0,-6.0,54.0,59,-0.8478963900025973,-0.8478963900025973
932,1,23.0,-10.0,33.0,56,0.7955562330708312,0.7955562330708312
933,-1,-20.0,20.0,40.0,56,-0.8139846886765675,-0.8139846886765675
934,-1,-212.0,-48.0,164.0,67,-0.9782417701752111,-0.9782417701752111
935,1,75.0,-42.0,117.0,76,0.9472816511024192,0.9472816511024192
936,1,80.0,34.0,46.0,52,0.8290252634205938,0.8290252634205938
937,-1,4.0,8.0,4.0,40,-0.711993604093349,-0.711993604093349
938,-1,-17.0,5.0,22.0,31,-0.7649554184479086,-0.7649554184479086
939,-1,31.0,76.0,45.0,60,-0.8265697015750023,-0.8265697015750023
940,-1,-76.0,72.0,148.0,82,-0.970440396349584,-0.970440396349584
941,-1,-103.0,27.0,130.0,49,-0.9585169477939919,-0.9585169477939919
942,1,8.0,-19.0,27.0,41,0.779087450641661,0.779087450641661
943,-1,-46.0,18.0,64.0,66,-0.8694698658538674,-0.8694698658538674
944,-1,68.0,99.0,31.0,50,-0.7901311291442962,-0.7901311291442962
945,1,114.0,8.0,106.0,65,0.9356991577080831,0.9356991577080831
946,-1,-69.0,33.0,102.0,48,-0.9309599607726701,-0.9309599607726701
947,-1,-54.0,102.0,156.0,49,-0.9746261368947797,-0.9746261368947797
948,1,39.0,-163.0,202.0,48,0.9896241060580567,0.9896241060580567
949,1,10.0,-9.0,19.0,62,0.7563238617604856,0.7563238617604856
950,-1,-20.0,145.0,165.0,47,-0.9786572864364183,-0.9786572864364183
951,-1,3.0,64.0,61.0,40,-0.8632381296560703,-0.8632381296560703
952,1,57.0,25.0,32.0,63,0.7928520763637915,0.7928520763637915
953,-1,-13.0,20.0,33.0,35,-0.7955562330708312,-0.7955562330708312
954,-1,81.0,120.0,39.0,49,-0.8114080683629523,-0.8114080683629523
955,-1,4.0,55.0,51.0,56,-0.8409835596799112,-0.8409835596799112
956,1,79.0,10.0,69.0,47,0.8793946001496824,0.8793946001496824
957,-1,-26.0,24.0,50.0,59,-0.8386351471780029,-0.8386351471780029
958,1,46.0,-65.0,111.0,51,0.9412187174214677,0.9412187174214677
959,1,48.0,46.0,2.0,54,0.7059992001279792,0.7059992001279792
960,-1,-71.0,-31.0,40.0,41,-0.8139846886765675,-0.8139846886765675
961,1,194.0,-38.0,232.0,77,0.994260808796745,0.994260808796745
962,1,39.0,4.0,35.0,77,0.8009126633008996,0.8009126633008996
963,-1,60.0,61.0,1.0,49,-0.7029999000039998,-0.7029999000039998
964,-1,-52.0,58.0,110.0,63,-0.940149706528189,-0.940149706528189
965,-1,-45.0,15.0,60.0,85,-0.8611148700994106,-0.8611148700994106
966,-1,-62.0,74.0,136.0,64,-0.9629179202418469,-0.9629179202418469
967,-1,-45.0,59.0,104.0,47,-0.9333664199731555,-0.9333664199731555
968,1,6.0,-10.0,16.0,44,0.7475945512892497,0.7475945512892497
969,-1,-31.0,11.0,42.0,1676,-0.8190791296015232,-0.8190791296015232
970,-1,-82.0,-1.0,81.0,47,-0.9008770778856312,-0.9008770778856312
971,1,25.0,5.0,20.0,43,0.7592125960674712,0.7592125960674712
972,-1,-85.0,-37.0,48.0,45,-0.8338730830746339,-0.8338730830746339
973,-1,-10.0,12.0,22.0,70,-0.7649554184479086,-0.7649554184479086
974,1,1.0,-33.0,34.0,47,0.7982432184426116,0.7982432184426116
975,-1,-87.0,29.0,116.0,97,-0.9463119643998631,-0.9463119643998631
976,-1,-10.0,1.0,11.0,51,-0.7328675410643288,-0.7328675410643288
977,1,92.0,66.0,26.0,41,0.7762886597879173,0.7762886597879173
978,-1,-63.0,212.0,275.0,98,-0.9975579173704623,-0.9975579173704623
979,-1,-134.0,190.0,324.0,53,-0.9990811229757981,-0.9990811229757981
980,-1,-156.0,5.0,161.0,51,-0.9769480086990607,-0.9769480086990607
981,-1,-92.0,45.0,137.0,83,-0.9636076580106088,-0.9636076580106088
982,-1,-41.0,-30.0,11.0,1125,-0.7328675410643288,-0.7328675410643288
983,1,1.0,-36.0,37.0,36,0.8061975137431138,0.8061975137431138
984,1,27.0,18.0,9.0,41,0.726927335424148,0.726927335424148
985,1,184.0,-39.0,223.0,65,0.9931418781241176,0.9931418781241176
986,1,42.0,-45.0,87.0,58,0.9104122392814937,0.9104122392814937
987,1,66.0,3.0,63.0,58,0.8674156646678872,0.8674156646678872
988,1,71.0,-207.0,278.0,66,0.9976995879331015,0.9976995879331015
989,1,29.0,-26.0,55.0,60,0.8501560633570706,0.8501560633570706
990,1,-1.0,-25.0,24.0,44,0.7706487248615493,0.7706487248615493
991,-1,41.0,58.0,17.0,48,-0.7505143137612443,-0.7505143137612443
992,-1,-105.0,-2.0,103.0,41,-0.9321725019567526,-0.9321725019567526
993,-1,-36.0,40.0,76.0,63,-0.8923230883556039,-0.8923230883556039
994,1,72.0,71.0,1.0,73,0.7029999000039998,0.7029999000039998
995,1,-28.0,-85.0,57.0,74,0.8546077834022229,0.8546077834022229
996,1,93.0,-5.0,98.0,4317,0.9259197714608656,0.9259197714608656
997,-1,-76.0,195.0,271.0,68,-0.9973554199549823,-0.9973554199549823
998,1,82.0,-2.0,84.0,64,0.9057427186687284,0.9057427186687284
999,-1,-75.0,-7.0,68.0,81,-0.8774558186295449,-0.8774558186295449
1000,-1,-64.0,61.0,125.0,67,-0.9544850919872538,-0.9544850919872538
